DF Topic #,DF Topic Name
14,Reading integer values off a scale
15,"Measuring using scales of lengths, mass and capacity"
37,"Rounding a number to nearest 10, 100, 1000 and beyond"
39,Mental addition and subtraction strategies
40,Column addition
41,Column subtraction
48,Related number facts with place value
52,Multiples of a number
53,Factors of a number
54,Recognising and using fractions with denominators to 12
56,Adding and subtracting fractions with the same denominator
57,Fractions of an amount
59,Time conversions
65,Bar charts and vertical line charts
66,Short column multiplication
67,Long column multiplication
68,"Recognising and using tenths, hundredths and thousandths"
69,"Decimal place value, including basic fraction and decimal equivalence"
70,"Multiplying and dividing by 10, 100, 1000, including decimals"
71,Compare decimals
72,Number bonds with decimals
73,"Making up monetary values with coins and notes, with decimal notation (GBP/Euro/Dollars)"
74,Adding and subtracting decimal numbers
75,Rounding a number to a given number of decimal places
76,Types of angle
77,Types of quadrilaterals and triangles
78,Properties of polygons
79,Perimeter of a 2D shape by adding lengths
83,Coordinates in the first quadrant
85,Counting up and down with negative numbers
86,Comparing and ordering positive and negative numbers
87,Using negative numbers in context
88,"Power notation and calculate simple powers, e.g. squares, cubes"
89,Completing short divisions with no remainders
90,Completing long divisions with no remainders
91,Completing divisions with remainders as integers
92,Completing divisions with remainders as fractions and decimals
93,Halfway between two numbers
94,Common multiples by listing
95,Common factors by listing
96,Highest Common Factor and Lowest Common Multiple by listing
97,Prime numbers
98,Fractional equivalence using factors and multiples
99,Comparing and ordering fractions where the denominators are multiples of each other
100,Adding and subtracting fractions where the denominators are multiples of each other
101,Converting between mixed numbers and improper fractions
102,Adding and subtracting mixed numbers with the same denominator
103,Adding and subtracting mixed numbers where one denominator is a multiple of another
104,"Fraction and decimal equivalence for halves, quarters and fifths"
105,Understanding percentages as values out of 100
106,Basic percentage and decimal equivalence
107,Converting between metric units of measure
108,"Equivalence of metric and imperial units (inches, pints, pounds and miles)"
110,Sum of the angles on a straight line and angles around a point
113,Reading and using timetables and distance charts
115,Order of operations (no powers and roots)
116,Comparing and ordering fractions with different denominators.
117,Adding and subtracting fractions with any denominator
118,Adding and subtracting mixed numbers with different denominators
119,Multiplying fractions and mixed numbers by an integer
120,Multiplying proper fractions with no simplifying
121,Dividing fractions by integers
122,Multiplying a decimal (up to 2dp) by an integer
123,Multiplying decimal numbers
124,Dividing a decimal (up to 2dp) by an integer
125,Dividing by decimal numbers
127,Calculating with money in decimal notation (GBP/EUR/USD)
128,Multiplicative scaling with integer scale factors and ratio notation
129,Similar shapes with integer scale factors
130,"Calculating a simple percentage of an amount, using chunking"
131,Pie charts with simple fractions and percentages
132,Mean as an average
133,Function machines
134,Algebraic thinking
135,Introduction to sequences
136,"Basic substitution with positive integers (limited to addition, subtraction, division and multiplication)"
138,Area of a rectangle by using the formula
139,Area of a parallelogram
140,Area of a triangle
141,Basic terms in relation to circles
142,Properties of prisms and cylinders
143,Nets of 3D shapes
145,Volume of a cube or cuboid
146,Platonic solids
147,Vertically opposite angles
148,Properties of triangle lengths
149,Sum of angles in a triangle
150,Base angles of an isosceles triangle
151,Sum of angles in a quadrilateral
152,Coordinates in all four quadrants
153,Reflecting a shape on axes using a given mirror line
154,Translating a shape on axes using directional language
155,Adding or subtracting a mixture of positive and negative numbers
156,Multiplying or dividing a mixture of positive and negative numbers
157,Roots and further powers
158,Numerical index laws (basic)
159,Reciprocals
160,Using a scientific calculator
161,Prime factorisation of a number
162,Lowest Common Multiple or Highest Common Factor by prime factorisation
163,Divisibility laws from 3 to 11 and dealing with larger divisors
164,"Properties of a number based on its prime factorisation (e.g. identify factors, if it is square, trailing zeroes)"
165,Further multiplying proper fractions (including simplification)
166,Dividing proper and improper fractions
167,Multiplying fractions involving a mixed number
168,Dividing fractions involving a mixed number
169,Fractional increase and decrease
170,Fractional original value problems
171,Problem solving involving a fraction of an amount
172,"Converting between any terminating decimal, fraction and percentage less than 100%"
173,Converting from a fraction to a recurring decimal or a percentage
174,"Converting between terminating decimals, fractions and percentages greater than 100%"
175,"Comparing and ordering fractions, decimal and percentages"
176,Multiplicative scaling and numerical proportion relationships
177,Exchange rates
178,Conversion graphs
179,Geometric notation for shapes and lines
180,Perimeter of rectilinear shapes
181,Area of composite rectilinear shapes
182,Area of composite shapes using rectangles and triangles
183,Area of kites
184,Area of trapeziums
185,Related shape problems
186,Estimating measures in context
187,Rounding a number to a given number of significant figures
188,Estimating by rounding
189,Rounding errors (round-off errors)
190,Algebraic terminology
191,Multiplying single algebraic terms (no index laws)
192,Dividing single algebraic terms (no index laws)
193,Collecting like terms
194,Algebraic index laws (basic)
195,"Function machines involving decimals, negative numbers and algebraic inputs"
196,"Further substitution with positive integers (including powers, roots and brackets)"
197,"Substitution with decimals, negative integers and fractions"
198,Forming linear algebraic expressions and formulae from a given context
199,Solving linear equations where the variable appears on one side of the equation only
200,Solving equations involving integer powers and their roots as inverses
201,"Changing the subject where the variable appears once only, excluding brackets"
202,Distinguishing between different types of sequences
203,"Describing, generating and continuing sequences using term-to-term rules"
204,Generating terms of a sequence given a position-to-term rule
205,nth term formula for arithmetic sequences (no standard formulae)
206,Determining if a term belongs in an arithmetic sequence
207,"Mode, median, range from listed data"
208,Combining means or dealing with changes to a mean
209,Circumference of a full circle
210,Area of a full circle
211,Area or perimeter of simple fractions of circles
212,Perimeter of compound shapes that includes curved edges
213,Area of composite shapes involving circles
214,Determining what percentage one number is of another
215,Percentage change
216,Percentage error and relative error
217,"Percentage of an amount, greater than 100%, by chunking"
218,"Percentage of an amount, by multiplying by an equivalent fraction"
219,"Percentage of an amount, using decimal multipliers"
220,"Value after a simple percentage change, using non-calculator methods"
221,"Value after a general percentage change, using decimal multipliers"
222,Reverse percentage problems using chunking
223,Reverse percentage problems using decimal multipliers
224,Simplifying ratios and forming ratios from a given context
225,"Finding a quantity within a ratio where either the total amount, a particular amount or a difference in an amount is given"
226,"Relationship between fractions, percentages and ratio"
227,Combining ratios and proportions into a single ratio
228,"Front elevation, side elevation and plan of a 3D shape"
230,Problem solving involving volume of a cuboid
231,Volume of a prism
232,Surface area of a cuboid and prisms
233,Volume of a cylinder
234,Surface area of a cylinder
235,Reading and interpreting ungrouped frequency tables
236,Mean from ungrouped frequency tables
237,"Median, mode and range from ungrouped frequency tables"
238,Two-way tables
240,Stem-and-leaf diagrams
241,Frequency trees
242,Construct Venn diagrams
243,"Union, intersection and complements of sets, including the universal and empty sets"
244,Scatter graphs/scatterplots and correlation
245,Line of best fit
246,Pie charts with any proportion
247,Probabilities using worded terms or placed on a number line between 0 and 1
248,Theoretical probabilities using counts
249,Sample space diagrams
250,Probabilities of mutually exclusive events
251,"Experimental probabilities, expectation and bias"
252,Expanding a single bracket
253,Factorising out a single term
254,"Solving linear equations where the variable appears on one side of the equation only, including brackets"
257,Solving linear equations where the variable appears on both sides of the equation
258,Solving equations involving integer powers or roots
259,Forming and solving linear equations from a given context (excluding angles)
260,"Changing the subject of a formula where the subject appears once only, including brackets, powers and roots"
261,Interior and exterior angles of regular and irregular polygons
262,"Alternate, corresponding and co-interior angles"
263,Algebraic expressions and equations using angle facts
264,Bearings (excluding trigonometry)
265,Midpoint of two points
266,Splitting a line segment in a ratio
267,Plotting a straight line from a table of values
268,Relationship between a line and its equation
269,x and y intercepts of a line
270,Gradient of a line
271,Understanding the equation of a straight line in slope-intercept form (y=mx+c) or standard form (ax + by = c)
272,Determining the equation of a straight line in slope-intercept or standard form
274,Equations of parallel lines
275,Solving linear simultaneous equations/systems of equations using graphical methods
276,Solving linear simultaneous equations/systems of equations using elimination or substitution
277,Converting from a recurring decimal to a fraction
278,Reflecting a shape in a line with given equation
279,Describing a reflection
280,Rotational symmetry
281,Rotating a shape by a given angle around a given point
282,Describing a rotation
283,Scale drawings including map scales
284,Constructions with lines and angles
285,Loci
286,Drawing and constructing triangles
288,Pythagoras' theorem in 2D (excluding surds)
289,Distance between two points given their coordinates
290,Properties of congruent shapes
291,Properties of similar shapes
292,Determine unknown lengths in similar shapes
294,Describing an enlargement/dilation for a positive integer scale factor
295,Enlarging/dilating a shape by a given positive integer scale factor
296,Describing an enlargement/dilation for a positive fractional scale factor
297,Enlarging/dilating a shape by a positive fractional scale factor
298,Negative indices
299,Expanding double brackets
300,Expanding three (or more) brackets
301,Conversion of large numbers to and from standard form/scientific notation
302,Conversion of small numbers to and from standard form/scientific notation
303,Adding or subtracting numbers in standard form/scientific notation
304,Multiplying and dividing numbers in standard form/scientific notation
309,Understanding algebraic statements of inequality
310,Upper and lower bound of rounded values or identifying an error interval
311,Forming a grouped frequency table (using inequality notation)
312,Estimating the mean from grouped frequency tables
313,Modal and median class interval and estimate of the range from a grouped frequency table
314,Histograms of equal class width
315,Frequency polygons
316,Analysing graphical representations
317,"Further terms in relation to circles, including chord and segment"
318,Arc length of more general sectors
319,Area of more general sectors
320,Further constructions involving relationships of triangles and circles
321,Trigonometry to determine side lengths in a right-angled triangle
322,Trigonometry to determine angles in a right-angled triangle
323,Converting between units of area and volume
324,"Relationship between scale factors of length, area and volume"
325,Speed calculations for a single journey
326,Speed calculations for multiple journeys or a journey in stages
327,Constructing and reading distance-time graphs
328,Density
329,Pressure
330,"Other compound measures (excluding speed, pressure and density)"
331,Convert between units for compound measures
332,Real-life linear graphs
334,Simplifying surds
335,Multiplying and dividing surds
336,Adding and subtracting surds
337,Expanding brackets with surds
338,Pythagoras' Theorem with surds
339,Solving linear inequalities in one variable
340,Solving linear inequalities with one variable on both sides
341,Solving two-ended linear inequalities and combining inequalities
342,Forming and solving linear inequalities from a given context
344,Types of data
345,Populations and censuses versus sampling
346,Data collection methods (excluding experiments)
348,Simple random sampling
349,Non-random sampling
350,Stratified sampling
352,Planning a statistical enquiry
353,Probability of independent and successive independent events (including tree diagrams)
354,"Successive dependent events, i.e. sampling without replacement (including tree diagrams)"
355,Probabilities from Venn diagrams of frequencies (no set notation)
356,Probabilities from Venn diagrams of frequencies (using set notation)
357,Conditional probability (no set notation)
358,Expressing a power using a different base
359,Calculating values after compound percentage changes
360,Financial maths (excluding compound interest)
361,Compound percentage problems with unknown period or step percentage change
362,Factorising quadratic expressions given in the form x^2 + bx + c
363,Factorising the difference of two squares
364,Factorising a quadratic where the coefficient of the x^2 term is not 1
365,Factorising more difficult expressions by combining factorisation techniques or substitution of a variable
366,Plotting quadratic graphs from a table of values
367,Solving quadratic equations by factorisation
368,Quadratic graphs and their features
369,nth term formula for a quadratic sequence
370,nth term formula for a geometric sequence (no standard formulae)
371,nth term formula more complicated sequences
372,Column vector notation
373,"Adding, subtracting and scaling column vectors"
374,Translations of shapes by a vector
375,Describing translations using vector notation
376,Enlargement/dilation of shapes by a negative scale factor
377,Describing enlargements/dilations for a negative scale factor
378,Combining transformations
379,Invariant points
380,Listing all combinations
381,Product rule for counting (Fundamental Counting Principle)
384,Using lower and upper bounds within calculations to calculate a further lower/upper bound
385,Tolerance
386,Algebraic direct and inverse proportion
387,Simplifying single algebraic fractions by cancelling common factors
388,Multiplying and dividing algebraic fractions
389,Adding and subtracting algebraic fractions (no factorisation of denominators required)
390,"Adding and subtracting algebraic fractions, requiring prior factorisation of the denominators"
391,Changing the subject of a formula where the subject appears multiple times
392,Rationalising the denominator where the denominator consists of a single surd term
393,Rationalising the denominator where the denominator consists of a surd and a second term
394,Fractional indices
395,Solving equations involving negative and fractional indices and surds
396,Quartiles from discrete data
398,Cumulative frequency graphs
399,Box plots / box and whisker diagrams (excluding outliers)
400,Time series and moving averages
401,Histograms and frequency density (unequal class widths)
402,"Understanding the shape of data, including skewness"
403,Comparing data sets using different representations
405,"Volume of a pyramid, cone or sphere"
406,Surface area of a cone or sphere/hemisphere
407,Volume of more complex compound 3D shapes
408,Surface area of more complex compound 3D shapes
410,Pythagoras' theorem in 3D shapes
411,Trigonometry in 3D shapes (right-angled only)
412,Exact trigonometric values
413,Completing the square to put an expression in the form (x+a)^2 + b
414,Completing the square to put an expression in the form a(x+b)^2 + c
415,Solving quadratic equations by using the quadratic formula
416,Minimum or maximum point of a quadratic graph by completing the square
417,Quadratic formula to solve quadratic equations
418,Forming quadratic or non-linear expressions or equations from a given context (excluding probability problems)
419,Solving non-linear simultaneous equations/systems of equations by substitution
420,Plotting simple cubic graphs
421,Using graphs to count solutions and find approximate solutions to equations
422,Plotting reciprocal graphs
423,Plotting exponential graphs
424,Properties of exponential graphs
425,Determining the values of k and a in the exponential function y = ka^x
426,"Recognising the shape of basic forms of cubic, reciprocal and exponential graphs based on their equations"
427,"Recognising the shape of more complex forms of quadratic, cubic, reciprocal and exponential graphs based on their equations"
431,Plotting and recognising graphs of trigonometric functions
432,Function notation and calculating outputs or inputs or a function
433,Graph representation of functions
434,"Solving simple trigonometric equations, e.g. sin(x) = k, using a graph"
435,Composite functions (excluding exponentials and modulus)
436,Inverse functions (excluding exponentials and modulus)
437,Domain and range of simple functions
438,Properties of functions
439,Trial and improvement to approximate a solution to an equation
440,General iterative processes
442,Circle theorems
443,Intersecting chord and intersecting secant theorems
445,Equations of perpendicular lines
446,Graphs of circles centred at the origin
447,Equation of a tangent to a circle centred at the origin
448,Graph transformations of y = f(x+a) and y = f(x) + a
449,Graph transformations of y = f(-x) and y = -f(x)
450,Graph transformations of y = f(ax) and y = af(x) (dilations)
451,Combinations of graph transformations
452,Graphs of root functions
453,Testing conjectures and identifying counterexamples
454,Algebraic proofs involving integers
455,Equating coefficients in an identity f(x) ≡ g(x)
456,"Inequalities in two variables, including their representation on a plane."
457,Set builder notation
458,Solving quadratic inequalities
459,Understanding and drawing speed-time (or positive velocity-time) graphs
460,Estimating area under a curved graph
461,Estimating the gradient of a curve
462,Solving equations involving fractions that lead to a quadratic equation
463,Algebraic probability problems involving independent/dependent events
464,Algebraic techniques for ratio problems
465,Sine rule (Law of Sines)
466,Cosine rule (Law of Cosines)
467,Area of a triangle using two lengths and the angle between them
469,Bearings problems involving non-right-angled trigonometry
470,3D shape problems involving non-right-angled trigonometry
471,"Proving triangle congruence using SSS, SAS, ASA and RHS"
472,Converting a vector between component form and magnitude and direction form
473,Vectors using variables
474,Parallel vectors and straight line proofs using vectors
475,Solving vector problems by introduction of a scalar
486,Simultaneous equations/systems of equations involving 3 variables
487,Piecewise functions
536,Outliers
